Name,Province,Climate ID,Station ID,WMO ID,TC ID,Latitude (Decimal Degrees),Longitude (Decimal Degrees),Latitude,Longitude,Elevation (m),First Year,Last Year,HLY First Year,HLY Last Year,DLY First Year,DLY Last Year,MLY First Year,MLY Last Year
ATTAWAPISKAT A,ONTARIO,6010400,52918,71653,YAT,52.93,-82.43,525539000,-822555000,9.1,2015,2025,2015,2025,2015,2025,,
BIG TROUT LAKE A,ONTARIO,6010735,49488,71675,YTL,53.82,-89.9,534904000,-895349000,222.5,2011,2025,2011,2025,2011,2025,,
BIG TROUT LAKE,ONTARIO,6010738,3914,,,53.83,-89.87,535000000,-895200000,224.1,1939,1992,1953,1992,1939,1992,1939,1992
BIG TROUT LAKE READAC,ONTARIO,6010739,10804,,TBL,53.82,-89.9,534856000,-895344000,222.2,1992,2013,1994,2013,1992,2013,,
BIG TROUT LAKE,ONTARIO,6010740,50857,71208,OTL,53.82,-89.89,534858000,-895330000,222.5,2012,2025,2012,2025,2012,2025,,
EAR FALLS (AUT),ONTARIO,6012199,27865,71295,XEA,50.63,-93.22,503750000,-931317000,362.6,1999,2025,2000,2025,1999,2025,1999,2006
EAST PEN ISLAND,ONTARIO,6012227,7370,,,56.77,-88.78,564600000,-884700000,11,1974,1974,1974,1974,,,,
FORT SEVERN A,ONTARIO,6012500,45447,,YER,56.02,-87.68,560108000,-874034000,15.8,2006,2013,2006,2013,2006,2013,,
FORT SEVERN A,ONTARIO,6012501,51219,71099,YER,56.02,-87.68,560108000,-874034000,15.8,2013,2025,2013,2025,2013,2025,,
LANSDOWNE HOUSE,ONTARIO,6014350,3919,,,52.23,-87.88,521400000,-875300000,254.5,1941,1989,1953,1989,1941,1989,1941,1989
LANSDOWNE HOUSE A,ONTARIO,6014351,51237,,YLH,52.2,-87.93,521144000,-875603000,254.2,2013,2025,2013,2025,2018,2025,,
LANSDOWNE HOUSE (AUT),ONTARIO,6014353,10244,71846,WLF,52.2,-87.94,521146000,-875610000,253.4,1992,2025,1994,2025,1992,2025,2000,2006
LANSDOWNE HOUSE A,ONTARIO,6014355,43910,,YLH,52.2,-87.94,521145000,-875610000,254.2,2005,2013,2005,2013,,,,
MUSKRAT DAM A,ONTARIO,6015025,44483,71755,ZMD,53.44,-91.76,532629000,-914546000,277.7,2005,2012,2005,2012,2006,2012,,
MUSKRAT DAM,ONTARIO,6015026,50722,71678,ZMD,53.44,-91.76,532629000,-914546000,277.7,2012,2025,2012,2025,2012,2025,,
PEAWANUCK (AUT),ONTARIO,6016295,10197,71434,WWN,54.98,-85.43,545900000,-852600000,52.7,1994,2025,1994,2025,1994,2025,2003,2006
PEAWANUCK A,ONTARIO,6016298,52878,,YPO,54.99,-85.44,545917000,-852636000,52.7,2014,2025,2014,2025,2018,2025,,
PICKLE LAKE (AUT),ONTARIO,6016525,3920,71835,WPL,51.45,-90.22,512657001,-901304007,390.8,1930,2025,1955,2025,1930,2025,1930,2006
PICKLE LAKE A,ONTARIO,6016527,3921,71845,YPL,51.45,-90.21,512647000,-901251000,386.2,1990,2012,1990,2012,1990,2012,1990,2012
PICKLE LAKE A,ONTARIO,6016528,52418,,YPL,51.45,-90.21,512647000,-901251000,386.2,2013,2025,2013,2025,2018,2025,,
PICKLE LAKE A,ONTARIO,6016529,50478,71845,YPL,51.45,-90.21,512647000,-901251000,386.2,2012,2019,2012,2019,2012,2018,,
RED LAKE A,ONTARIO,6016970,50248,71854,YRL,51.07,-93.79,510402000,-934735000,385.9,2012,2025,2012,2025,2012,2018,,
RED LAKE A,ONTARIO,6016971,52419,,YRL,51.07,-93.79,510402000,-934735000,385.9,2013,2025,2013,2025,2018,2025,,
RED LAKE,ONTARIO,6016974,10900,,,51.07,-93.8,510400000,-934800000,383.1,1994,1994,1994,1994,,,,
RED LAKE A,ONTARIO,6016975,3923,71854,YRL,51.07,-93.79,510401000,-934735000,385.88,1930,2012,1953,2012,1930,2012,1930,2012
SANDY LAKE,ONTARIO,6017400,45088,,,53.06,-93.34,530351000,-932040000,289.9,2006,2012,2006,2012,2006,2012,,
SANDY LAKE A,ONTARIO,6017401,50723,71587,ZSJ,53.06,-93.34,530351000,-932040000,289.9,2012,2025,2012,2025,2012,2025,,
WEAGAMOW LAKE,ONTARIO,6019400,55362,73046,OWW,52.94,-91.32,525638027,-911857082,291,2023,2025,2023,2025,2023,2025,,
WINISK (AUT),ONTARIO,6019549,7578,,,55.23,-85.12,551400000,-850700000,13,1981,1986,1981,1986,,,,
WINISK A,ONTARIO,6019550,3926,,,55.23,-85.12,551400000,-850700000,12.8,1957,1965,1957,1965,1959,1965,1959,1965
EKWAN RIVER (AUT),ONTARIO,601BKEK,10910,,,53.82,-84.92,534900000,-845500000,96,1994,1995,1994,1995,,,,
SEVERN RIVER (AUT),ONTARIO,601P68B,10726,,,55.38,-88.33,552300000,-882000000,56.4,1994,1995,1994,1995,,,,
ATIKOKAN,ONTARIO,6020379,3929,,,48.75,-91.62,484500000,-913700000,395.3,1966,1988,1966,1988,1966,1988,1966,1988
ATIKOKAN (AUT),ONTARIO,6020LPQ,10220,71747,WCH,48.76,-91.63,484540000,-913741000,389.3,1994,2025,1994,2025,2000,2025,2005,2006
FORT FRANCES RCS,ONTARIO,6022474,46507,71962,TAG,48.65,-93.44,483904000,-932620002,342,2007,2025,2007,2025,2007,2025,,
DRYDEN A,ONTARIO,6032119,3953,,YHD,49.83,-92.75,495000000,-924500000,412.7,1969,2005,1969,2005,1970,2005,1970,2004
DRYDEN A (AUT),ONTARIO,6032120,29368,,,49.83,-92.74,494954000,-924439000,412.7,1999,2010,1999,2010,1999,2010,2004,2006
DRYDEN REGIONAL,ONTARIO,6032125,48869,71527,YHD,49.83,-92.74,494939000,-924439000,412.7,2010,2025,2010,2025,2010,2025,,
KENORA RCS,ONTARIO,6034073,47307,71151,TKR,49.79,-94.38,494726000,-942240000,412.7,2008,2025,2008,2025,2008,2025,,
KENORA A,ONTARIO,6034075,3960,71850,YQK,49.79,-94.37,494725005,-942155003,409.65,1938,2013,1953,2013,1938,2013,1938,2013
KENORA A,ONTARIO,6034076,51137,71850,YQK,49.79,-94.36,494718000,-942147000,409.7,2013,2025,2013,2025,2013,2025,,
RAWSON LAKE (AUT),ONTARIO,6036907,30455,71855,TRA,49.66,-93.73,493951001,-934358002,435,2003,2025,2005,2025,2003,2025,,
ROYAL ISLAND (AUT),ONTARIO,6037201,10899,71859,WTX,49.47,-94.76,492807000,-944547000,329,1994,2025,1994,2025,2016,2025,,
SIOUX LOOKOUT A,ONTARIO,6037775,3969,,,50.12,-91.9,500700000,-915400000,383.1,1938,2013,1953,2013,1938,2013,1938,2013
SIOUX LOOKOUT A,ONTARIO,6037776,51138,71842,YXL,50.11,-91.91,500651000,-915429000,383.1,2013,2025,2013,2025,2013,2025,,
SIOUX LOOKOUT AIRPORT,ONTARIO,6037800,54605,73017,OSL,50.11,-91.91,500651000,-915420000,338.1,2018,2025,2018,2025,2018,2025,,
ARMSTRONG (AUT),ONTARIO,6040325,3987,71841,WYW,50.29,-88.91,501737000,-885419000,322.5,1938,2025,1953,2025,1938,2025,1938,1982
ARMSTRONG (AUT),ONTARIO,6040326,7581,,,50.3,-89.03,501800000,-890200000,350.5,1994,1995,1994,1995,1994,1995,,
ARMSTRONG A,ONTARIO,6040327,52900,,YYW,50.29,-88.91,501725000,-885435000,322.5,2015,2025,2015,2025,2018,2025,,
CAMERON FALLS (AUT),ONTARIO,6041110,27674,71291,XCA,49.15,-88.34,490914000,-882041000,232.6,1998,2025,2000,2025,1998,2025,1998,2006
CARIBOU ISLAND (AUT),ONTARIO,6041222,7582,71433,WCI,47.33,-85.83,472000000,-855000000,187,1993,2025,1994,2025,1993,2025,,
GERALDTON,ONTARIO,6042715,4002,,,49.7,-86.95,494200000,-865700000,330.7,1967,1981,1967,1981,1967,1981,1967,1981
GERALDTON A,ONTARIO,6042716,4003,,YGQ,49.78,-86.93,494658090,-865550050,348.4,1981,2015,1981,2015,1981,2015,1981,2015
GERALDTON A,ONTARIO,6042717,53519,,YGQ,49.78,-86.94,494643000,-865619000,348.4,2015,2022,2015,2022,2015,2022,,
GERALDTON A,ONTARIO,6042718,54240,71834,YGQ,49.78,-86.99,494643000,-865919000,348.4,2016,2025,2016,2025,2018,2025,,
GERALDTON AIRPORT,ONTARIO,6042719,54858,73071,OGE,49.78,-86.93,494651276,-865556352,340,2018,2025,2018,2025,2018,2025,,
GRAHAM A,ONTARIO,6042975,4006,,,49.27,-90.58,491600000,-903500000,503.2,1948,1967,1953,1967,1948,1967,1948,1967
MARATHON AIRPORT,ONTARIO,6044961,4027,,YSP,48.76,-86.34,484520000,-862040000,315.5,1988,2007,2007,2007,1988,1999,1988,1999
MARATHON A,ONTARIO,6044962,46527,,YSP,48.76,-86.34,484519000,-862040000,314.55,2007,2014,2007,2014,,,,
MARATHON A,ONTARIO,6044963,52338,,YSP,48.76,-86.35,484526000,-862045000,314.6,2014,2025,2014,2025,,,,
MARATHON A,ONTARIO,6044967,53138,,YSP,48.76,-86.35,484526000,-862045000,314.6,2014,2025,2014,2025,2018,2025,,
MARIE LOUISE LAKE,ONTARIO,6044974,27291,,WLK,48.37,-88.8,482200000,-884800000,239.9,1997,1997,1997,1997,,,,
NAKINA A,ONTARIO,6045550,4029,,,50.18,-86.7,501100000,-864200000,324.6,1939,1967,1953,1967,1939,1967,1939,1967
BATTLE ISLAND,ONTARIO,6046285,26859,,WMF,48.75,-87.55,484500000,-873300000,197,1994,1997,1994,1997,,,,
PUKASKWA (AUT),ONTARIO,6046767,10918,71750,WCJ,48.59,-86.29,483518000,-861741000,207.6,1994,2012,1994,2012,1996,2012,2005,2006
PUKASKWA (AUT),ONTARIO,6046768,49848,71750,WCJ,48.61,-86.29,483628000,-861714000,191.5,2011,2025,2012,2025,2011,2025,,
TERRACE BAY A,ONTARIO,6048231,7593,,,48.82,-87.1,484900000,-870600000,289.6,1994,2007,1994,2007,1996,2007,1996,2006
TERRACE BAY AIRPORT,ONTARIO,6048232,54606,73018,OTR,48.82,-87.09,484856054,-870530041,290,2017,2025,2017,2025,2018,2025,,
TERRACE BAY(AUT),ONTARIO,6048235,32393,,ZTJ,48.82,-87.1,484900000,-870600000,289.6,2002,2007,2002,2007,2003,2006,2003,2006
THUNDER BAY,ONTARIO,6048260,49389,71072,YQT,48.37,-89.32,482219000,-891918000,199.3,2012,2025,2012,2025,2012,2025,,
THUNDER BAY A,ONTARIO,6048261,4055,,YQT,48.37,-89.33,482210000,-891938038,199,1941,2012,1953,2012,1941,2004,1941,2004
THUNDER BAY A,ONTARIO,6048262,50132,,YQT,48.37,-89.32,482219000,-891918000,199.3,2012,2025,2012,2025,2018,2025,,
THUNDER BAY CS,ONTARIO,6048268,30682,71667,ZTB,48.37,-89.33,482210000,-891938000,199.4,2000,2025,2000,2025,2003,2025,2003,2006
TROWBRIDGE (AUT),ONTARIO,6048955,7977,,WAB,48.3,-88.87,481800000,-885200000,218,1994,2000,1994,2000,1994,2000,,
UPSALA (AUT),ONTARIO,6049095,4057,71435,WDV,49.03,-90.47,490200000,-902800000,488.5,1972,2025,1994,2025,1973,2025,1972,2006
WELCOME ISLAND (AUT),ONTARIO,6049443,4061,71751,WEC,48.37,-89.12,482209000,-890710000,211.4,1967,2025,1994,2025,1967,2025,1967,1985
LITTLE FLATLAND ISLAND (AUT),ONTARIO,6049470,43104,71468,WKK,49.69,-88.31,494124000,-881821000,261,2005,2025,2005,2025,2005,2025,,
BIG THUNDER,ONTARIO,604I261,26860,,,48.28,-89.38,481700000,-892300000,298.8,1995,1995,1995,1995,,,,
KATATOTA ISLAND (AUT),ONTARIO,604M002,10664,71468,WKK,49.71,-88.33,494247000,-881956000,261,1994,2006,1994,2006,1996,2006,,
NORTHERN ONTARIO EER,ONTARIO,604S001,26912,,XQT,48.43,-89.22,482600000,-891300000,,2001,2024,2001,2024,2018,2024,,
ELLIOT LAKE A,ONTARIO,6052259,7595,,YEL,46.35,-82.56,462105000,-823341000,331.3,1994,2012,1994,2012,1995,2012,1995,2011
LAKE SUPERIOR PROVINCIAL PARK,ONTARIO,6054425,51958,71640,TLS,47.72,-84.81,474323000,-844851000,400.62,2013,2025,2013,2025,2013,2025,,
MONTREAL RIVER (AUT),ONTARIO,6055378,41595,,ZGJ,47.25,-84.6,471450000,-843545000,534.9,2000,2007,2000,2007,2003,2006,2003,2006
SAULT STE MARIE A,ONTARIO,6057591,50092,71260,YAM,46.49,-84.51,462906000,-843035000,192,2012,2025,2012,2025,2012,2025,,
SAULT STE MARIE A,ONTARIO,6057592,4093,71260,YAM,46.48,-84.51,462900000,-843034000,192,1945,2012,1961,2012,1945,2012,1945,2012
SAULT STE. MARIE AIRPORT,ONTARIO,6057593,54838,73070,OSM,46.48,-84.52,462841000,-843100000,187,2019,2025,2019,2025,2019,2025,,
WAWA A,ONTARIO,6059407,52818,71738,YXZ,47.97,-84.79,475801000,-844711000,287.7,2014,2025,2014,2025,2014,2018,,
WAWA (AUT),ONTARIO,6059408,4102,,WXZ,47.97,-84.78,475800000,-844700000,287.1,1940,2015,1994,2015,1940,2006,1940,2006
WAWA A,ONTARIO,6059413,52998,,YXZ,47.97,-84.79,475801000,-844711000,287.7,2014,2025,2014,2025,2018,2025,,
WHITE RIVER,ONTARIO,6059475,4104,,,48.6,-85.28,483600000,-851700000,378.9,1886,1976,1953,1976,1886,1976,1886,1976
WAWA A,ONTARIO,6059D09,4099,,,47.97,-84.78,475800000,-844700000,287.1,1977,2014,1977,2014,1977,2014,1977,2014
KILLARNEY (AUT),ONTARIO,605DJ25,8997,71460,WBE,45.97,-81.48,455800000,-812900000,196.3,1992,2023,1994,2023,1992,2023,,
CHAPLEAU,ONTARIO,6061358,4109,,,47.83,-83.43,475000000,-832600000,428.2,1965,1976,1965,1976,1965,1976,1965,1976
CHAPLEAU A,ONTARIO,6061361,4111,,,47.82,-83.35,474912000,-832048000,448.06,1978,2015,1994,2015,1978,2015,1978,2015
CHAPLEAU A,ONTARIO,6061362,53602,71642,YLD,47.82,-83.35,474913000,-832049000,448.1,2015,2025,2015,2025,2015,2018,,
CHAPLEAU A,ONTARIO,6061365,53603,,YLD,47.82,-83.35,474913000,-832049000,448.1,2015,2025,2015,2025,2018,2025,,
CHAPLEAU AIRPORT,ONTARIO,6061366,55258,73135,OCP,47.82,-83.36,474909006,-832122086,447,2022,2025,2022,2025,2022,2025,,
SUDBURY CLIMATE,ONTARIO,6068145,49508,71733,TSB,46.63,-80.8,463756090,-804746080,348,2011,2025,2011,2025,2011,2025,,
SUDBURY A,ONTARIO,6068150,4132,71730,YSB,46.63,-80.8,463732000,-804752000,348.39,1954,2013,1954,2013,1954,2013,1954,2013
SUDBURY A,ONTARIO,6068153,50840,71730,YSB,46.63,-80.8,463732000,-804752000,348.4,2013,2025,2013,2025,2013,2025,,
EARLTON A,ONTARIO,6072223,49489,71684,YXR,47.7,-79.85,474142000,-795056000,243.8,2011,2025,2011,2025,2011,2025,,
EARLTON AWOS,ONTARIO,6072224,30246,,,47.7,-79.85,474142000,-795056000,243.4,2000,2011,2000,2011,2000,2011,2004,2006
EARLTON A,ONTARIO,6072225,4145,,YXR,47.7,-79.85,474200000,-795100000,243.2,1938,2005,1953,2005,1938,2005,1938,2004
EARLTON CLIMATE,ONTARIO,6072230,47687,71213,TXR,47.7,-79.85,474142000,-795056000,243.4,2008,2025,2008,2025,2008,2025,,
KAPUSKASING A,ONTARIO,6073975,4157,,,49.41,-82.47,492450000,-822803000,226.5,1937,2014,1953,2014,1937,2014,1937,2014
KAPUSKASING A,ONTARIO,6073976,52604,71831,YYU,49.41,-82.47,492442000,-822806000,226.5,2014,2025,2014,2025,2014,2025,,
KAPUSKASING A,ONTARIO,6073978,54260,,YYU,49.41,-82.47,492442000,-822806000,226.5,2016,2025,2016,2025,2018,2025,,
KAPUSKASING CDA ON,ONTARIO,6073980,30435,71299,XKA,49.41,-82.44,492423000,-822637000,218,2000,2025,2000,2025,2000,2025,2002,2006
KIRKLAND LAKE,ONTARIO,6074207,55367,71301,XKI,48.09,-80.06,480517054,-800341035,280,2022,2025,2022,2025,2022,2025,,
KIRKLAND LAKE CS,ONTARIO,6074211,27535,71301,XKI,48.15,-80,480900000,-800000000,324,1997,2022,2001,2022,1997,2022,1997,2006
MOOSONEE,ONTARIO,6075420,48950,71398,YMO,51.29,-80.61,511728000,-803628000,9.1,2010,2025,2010,2025,2010,2025,,
MOOSONEE UA,ONTARIO,6075425,4168,71836,WZC,51.27,-80.65,511600000,-803900000,10,1932,2023,1953,1995,1932,2023,1932,2006
MOOSONEE A,ONTARIO,6075428,7632,71836,YMO,51.29,-80.61,511729000,-803627000,9.1,1994,2006,1994,2006,1995,2006,,
MOOSONEE RCS,ONTARIO,6075429,55379,71309,XZC,51.26,-80.66,511525005,-803949042,,2022,2025,2022,2025,2022,2025,,
MOOSONEE AWOS,ONTARIO,6075431,30242,71836,YMO,51.28,-80.6,511700000,-803600000,9.1,2006,2010,2006,2010,2006,2010,,
MOOSONEE RCS,ONTARIO,6075435,42123,71309,XZC,51.29,-80.62,511730000,-803705000,9.1,2003,2022,2003,2022,2003,2022,2003,2006
NAGAGAMI (AUT),ONTARIO,6075543,7633,71832,WNZ,49.75,-84.16,494448600,-840949300,264,1993,2025,1994,2025,1993,2025,2003,2006
OGOKI POST A,ONTARIO,6075786,52898,71652,YKP,51.66,-85.9,513931000,-855404000,181,2014,2025,2014,2025,2014,2025,,
OGOKI POST,ONTARIO,6075788,55361,73045,OGP,51.66,-85.9,513928057,-855401067,178,2022,2025,2022,2025,2022,2025,,
TIMMINS CLIMATE,ONTARIO,6078282,47547,71193,TMS,48.56,-81.39,483326000,-812325000,294.4,2008,2025,2008,2025,2008,2025,,
TIMMINS VICTOR POWER A,ONTARIO,6078285,4180,71739,YTS,48.57,-81.38,483411000,-812236000,294.7,1955,2012,1955,2012,1955,2012,1955,2011
TIMMINS A,ONTARIO,6078286,50460,71739,YTS,48.57,-81.38,483414000,-812236000,294.7,2012,2025,2012,2025,2012,2025,,
ONAKAWANA (AUT),ONTARIO,607EP80,10685,,WOQ,50.6,-81.42,503600000,-812500000,42.1,1994,1997,1994,1997,,,,
ALGONQUIN PARK EAST GATE,ONTARIO,6080192,42967,71581,TNK,45.53,-78.27,453200000,-781600000,397,2004,2025,2004,2025,2004,2025,2005,2006
NORTH BAY A,ONTARIO,6085680,52318,71731,YYB,46.36,-79.42,462150000,-792527000,370.3,2014,2025,2014,2025,2014,2025,,
NORTH BAY AIRPORT,ONTARIO,6085695,54604,73016,TZN,46.38,-79.4,462230000,-792409000,370.3,2017,2025,2017,2025,2017,2025,,
NORTH BAY A,ONTARIO,6085700,4201,71731,YYB,46.36,-79.42,462149000,-792522000,370.3,1939,2013,1953,2013,1939,2013,1939,2013
NORTH BAY A,ONTARIO,6085701,50839,,YYB,46.36,-79.42,462150000,-792527000,370.3,2013,2025,2013,2025,2013,2014,,
NORTH BAY NIPISSING(AUT),ONTARIO,6085703,7647,,,46.32,-79.48,461900000,-792900000,203.5,1994,1998,1994,1998,1994,1998,,
GORE BAY-MANITOULIN,ONTARIO,6092919,48372,,YZE,45.88,-82.57,455254000,-823402000,189.89,2009,2025,2009,2025,2018,2025,,
GORE BAY CLIMATE,ONTARIO,6092920,48788,71956,TZE,45.88,-82.57,455300000,-823400000,188.6,2010,2025,2010,2025,2010,2025,,
GORE BAY A,ONTARIO,6092925,4209,,YZE,45.88,-82.57,455300000,-823400000,193.5,1947,2006,1953,2005,1947,2006,1947,2006
GORE BAY  AWOS,ONTARIO,6092930,30240,,OZE,45.88,-82.57,455300000,-823400000,193.5,2005,2012,2005,2012,2005,2011,2006,2006
GREAT DUCK ISLAND (AUT),ONTARIO,6093005,7981,71462,WNL,45.63,-82.95,453800000,-825700000,182.8,1994,2021,1994,2021,1994,2021,,
ALEXANDRIA,ONTARIO,6100166,42003,,TAL,45.32,-74.61,451925000,-743651000,77,2003,2006,2003,2006,2003,2006,,
ALFRED,ONTARIO,6100176,42006,,TAE,45.56,-74.88,453318000,-745232000,57,2003,2007,2003,2007,2003,2007,,
BROCKVILLE CLIMATE,ONTARIO,6100970,47567,71161,TBO,44.64,-75.75,443807000,-754454000,120.4,2008,2025,2008,2025,2008,2025,,
CORNWALL,ONTARIO,6101875,42004,,TCW,45.03,-74.68,450153000,-744053000,58,2003,2007,2003,2007,2003,2007,,
GRENADIER ISLAND,ONTARIO,6103024,10903,71281,WGH,44.42,-75.85,442500000,-755100000,82,1994,2025,1994,2025,1994,2025,1997,2006
IROQUOIS,ONTARIO,6103808,10950,,WIH,44.83,-75.33,445000000,-752000000,74.1,1994,1995,1994,1995,,,,
KEMPTVILLE CS,ONTARIO,6104027,27534,71300,XKE,45,-75.63,450000000,-753800000,99.4,1997,2025,2001,2025,1997,2025,1997,2006
KILLALOE,ONTARIO,6104125,4293,,,45.57,-77.42,453400000,-772500000,174,1938,1972,1953,1972,1938,1972,1938,1972
KINGSTON CLIMATE,ONTARIO,6104142,47267,71820,TKG,44.22,-76.6,441324000,-763558000,93,2008,2025,2008,2025,2008,2025,,
KINGSTON A,ONTARIO,6104146,4295,,YGK,44.22,-76.6,441307092,-763548008,92.4,1930,2012,1967,2012,1930,1996,1930,1996
KINGSTON A,ONTARIO,6104149,50428,,YGK,44.23,-76.6,441333000,-763548000,92.4,2012,2025,2012,2025,,,,
KINGSTON A,ONTARIO,6104152,52985,,YGK,44.23,-76.6,441333000,-763548000,92.4,2014,2025,2014,2025,2018,2025,,
KINGSTON (AUT),ONTARIO,6104ADF,7671,,,44.22,-76.6,441300000,-763600000,93,1994,1994,1994,1994,,,,
MOOSE CREEK WELLS,ONTARIO,6105397,41738,71635,TCK,45.25,-74.96,451504000,-745746000,84.5,2003,2025,2003,2025,2003,2025,,
OTTAWA CDA RCS,ONTARIO,6105978,30578,71063,XOA,45.38,-75.72,452300000,-754300000,79.2,2000,2025,2000,2025,2000,2025,2003,2006
OTTAWA MACDONALD-CARTIER INT'L A,ONTARIO,6106000,4337,71628,YOW,45.32,-75.67,451921000,-754009000,114,1938,2011,1953,2011,1938,2011,1938,2011
OTTAWA INTL A,ONTARIO,6106001,49568,71628,YOW,45.32,-75.67,451900000,-754000000,114.9,2011,2025,2011,2025,2011,2025,,
RIDEAU NARROWS LOCKS,ONTARIO,6106022,26861,,WJM,44.7,-76.3,444200000,-761800000,125,1994,1998,1994,1998,1994,1998,,
OTTAWA ROCKCLIFFE A,ONTARIO,6106100,4344,,,45.45,-75.63,452700000,-753800000,54.3,1942,1964,1953,1964,1942,1964,1942,1964
OTTAWA STOLPORT A,ONTARIO,6106103,7684,,,45.47,-75.65,452800000,-753900000,58.5,1974,1976,1974,1976,,,,
PEMBROKE CLIMATE,ONTARIO,6106367,49068,71196,TPM,45.86,-77.25,455137000,-771508000,161,2010,2025,2010,2025,2010,2025,,
PETAWAWA AWOS 2,ONTARIO,6106396,47527,71625,YWA,45.95,-77.32,455700000,-771900000,130.1,2008,2022,2008,2022,2008,2022,,
PETAWAWA A,ONTARIO,6106398,4352,71625,YWA,45.95,-77.32,455700000,-771900000,130.1,1969,2025,1969,2025,1970,2008,1971,2006
WINCHESTER,ONTARIO,6109517,42005,,TWN,45.05,-75.34,450304000,-752012000,75,2003,2007,2003,2007,2003,2007,,
BARRIE (AUT),ONTARIO,6110552,7697,,WCU,44.38,-79.78,442300000,-794700000,295,1992,2003,1994,2003,1992,2003,,
BEATRICE CLIMATE,ONTARIO,6110607,44183,71694,TBT,45.14,-79.4,450825000,-792410000,297.2,2005,2025,2005,2025,2005,2025,2005,2006
BEAUSOLEIL,ONTARIO,6110617,10973,,WPB,44.85,-79.87,445100000,-795200000,183,1994,2007,1994,2007,1994,2007,2004,2006
BRITT (AUT),ONTARIO,6110967,7704,,WBI,45.8,-80.53,454800000,-803200000,190,1992,2010,1994,2001,1992,2010,,
COLLINGWOOD,ONTARIO,6111792,10955,71270,WCO,44.5,-80.22,443000000,-801300000,178.3,1994,2023,1994,2023,1994,2023,1997,2006
LAGOON CITY,ONTARIO,6114295,10911,71282,WGL,44.55,-79.22,443250000,-791300000,220.7,1994,2025,1994,2025,1994,2025,1997,2006
MUSKOKA AWOS,ONTARIO,6115524,30186,,,44.97,-79.3,445829000,-791812000,281.9,2000,2013,2000,2009,2004,2013,2004,2006
MUSKOKA A,ONTARIO,6115525,4477,71630,YQA,44.97,-79.3,445800000,-791800000,281.9,1934,2015,1953,2005,1934,2015,1934,2006
MUSKOKA,ONTARIO,6115529,48368,71532,YQA,44.97,-79.3,445829000,-791812000,281.9,2009,2025,2009,2025,2009,2025,,
PA UDORA STRONG,ONTARIO,6116200,52719,,L3I,44.25,-79.21,441503600,-791218300,266.5,2014,2015,2014,2015,,,,
PA HARDWOOD MOUNTAIN BIKE PARK,ONTARIO,6116201,52729,,Z3N,44.52,-79.59,443108900,-793524200,334.5,2014,2015,2014,2015,,,,
PARRY SOUND CCG,ONTARIO,6116257,32128,71172,XPC,45.34,-80.04,452039000,-800239000,176.3,2002,2025,2002,2025,2002,2025,2003,2006
BARRIE-ORO,ONTARIO,6117700,42183,71314,XBI,44.48,-79.55,442900000,-793300000,289,2003,2025,2003,2025,2003,2025,2003,2006
WIARTON,ONTARIO,6119494,10787,,,44.75,-81.11,444445000,-810626000,222.5,1994,1995,1994,1995,,,,
WIARTON A,ONTARIO,6119498,54259,,YVV,44.74,-81.11,444439000,-810631000,221.9,2016,2025,2016,2025,2018,2025,,
WIARTON A,ONTARIO,6119499,53139,71633,YVV,44.74,-81.11,444439000,-810631000,221.9,2014,2025,2014,2025,2014,2025,,
WIARTON A,ONTARIO,6119500,4538,71633,YVV,44.75,-81.11,444445000,-810626000,222.2,1947,2014,1953,2014,1947,2014,1947,2014
WASAGA BEACH,ONTARIO,6119K9K,10088,,,44.52,-80.02,443115000,-800115000,182,1988,1991,1988,1991,,,,
WESTERN ISLAND (AUT),ONTARIO,6119M51,7733,71438,WMZ,45.03,-80.37,450200000,-802200000,191.1,1994,2025,1994,2025,1994,2025,,
BORDEN,ONTARIO,611B001,27197,,YBN,44.27,-79.92,441556000,-795510000,222.5,1996,2013,1996,2013,,,,
BORDEN AWOS,ONTARIO,611B002,29516,71534,YBN,44.27,-79.91,441620000,-795442000,222.5,2000,2022,2005,2022,2000,2022,,
EGBERT (AUT),ONTARIO,611BKE0,10753,,WET,44.23,-79.78,441400000,-794700000,251,1990,1993,1990,1993,,,,
EGBERT CS,ONTARIO,6.11E+03,27604,71296,XET,44.23,-79.78,441400000,-794700000,251,2000,2025,2000,2025,2000,2025,2003,2006
CYPRUS LAKE CS,ONTARIO,6121940,27531,,XCY,45.23,-81.53,451400000,-813200000,190,1995,2009,2000,2009,1995,2009,1995,2006
COVE ISLAND (AUT),ONTARIO,61219J2,9004,71439,WWX,45.33,-81.73,452000000,-814400000,180.7,1994,2021,1994,2021,1994,2021,,
GODERICH,ONTARIO,6122847,7747,71261,WGD,43.77,-81.72,434600000,-814300000,213.7,1986,2025,1986,2025,1994,2025,1997,2006
GODERICH MUNICIPAL A,ONTARIO,6122849,4567,,,43.77,-81.7,434600000,-814200000,213.4,1969,1980,1969,1980,1969,1980,1969,1980
OLIPHANT,ONTARIO,6125GP0,10087,,,44.72,-81.28,444300000,-811630000,181.8,1994,1998,1994,1998,1994,1998,,
SARNIA,ONTARIO,6127510,48373,71704,YZR,43,-82.31,425958000,-821832000,181.4,2009,2025,2009,2025,2009,2025,,
SARNIA AIRPORT,ONTARIO,6127514,4589,,,42.99,-82.3,425932058,-821817088,180.6,1967,2007,1967,2005,1967,2007,1967,2006
SARNIA CHRIS HADFIELD A,ONTARIO,6127518,44004,,,43,-82.31,425958000,-821832000,181,2005,2011,2005,2010,2005,2011,2005,2006
SARNIA CLIMATE,ONTARIO,6127519,44323,71746,TZR,43,-82.3,430000000,-821800000,181,2005,2025,2005,2025,2006,2025,,
TOBERMORY RCS,ONTARIO,6128330,45607,71767,TTR,45.23,-81.63,451400000,-813800000,213.5,2007,2025,2007,2025,2007,2025,,
BELLE RIVER,ONTARIO,6130681,10084,,WDD,42.3,-82.7,421800000,-824200000,183.5,1994,2005,1994,2005,1994,2005,,
CHATHAM KENT,ONTARIO,6131414,52118,,YCK,42.31,-82.08,421821000,-820457000,196.6,2014,2025,2014,2025,2018,2025,,
CEDAR SPRINGS,ONTARIO,6131418,55360,73036,OCE,42.27,-82.02,421557000,-820110000,183,2022,2025,2022,2025,2022,2025,,
DELHI CS,ONTARIO,6131983,27528,71573,XDI,42.87,-80.55,425200000,-803300000,231.7,1997,2025,1999,2025,1997,2025,1997,2006
HARROW CDA AUTO,ONTARIO,6133362,30266,71298,XHA,42.03,-82.9,420200000,-825400000,191,2000,2025,2000,2025,2000,2025,2000,2006
LONG POINT (AUT),ONTARIO,6134F10,9026,71464,WPS,42.53,-80.05,423200000,-800300000,175,1994,2025,1994,2025,1994,2025,,
PA ATMOS FENWICK,ONTARIO,6136285,52743,,A0T,43.05,-79.37,430303980,-792154620,193,2014,2015,2014,2015,,,,
PA ROYAL CANADIAN HENLEY,ONTARIO,6136290,52734,,Z4W,43.19,-79.27,431137600,-791615800,90.5,2014,2015,2014,2015,,,,
PA VINELAND STONEY RIDGE,ONTARIO,6136300,52722,,L6B,43.15,-79.38,430857100,-792257200,112.5,2014,2015,2014,2015,,,,
PA WAINFLEET SKYDIVE BURNABY,ONTARIO,6136303,52639,,L6A,42.88,-79.35,425242600,-792116200,180.5,2014,2015,2014,2015,,,,
PA WELLAND FLATWATER,ONTARIO,6136305,52499,,W5Z,42.97,-79.26,425755080,-791518700,186.5,2014,2015,2014,2015,,,,
PA WINONA VINE ESTATES,ONTARIO,6136308,52721,,L5B,43.22,-79.68,431257200,-794056700,101.5,2014,2015,2014,2015,,,,
PORT WELLER (AUT),ONTARIO,6136699,7790,71432,WWZ,43.25,-79.22,431500000,-791300000,79,1992,2025,1993,2025,1992,2025,2003,2006
RIDGETOWN RCS,ONTARIO,6137154,32473,71307,XRG,42.45,-81.88,422700000,-815300000,205.7,2003,2025,2003,2025,2003,2025,2003,2006
ST. CATHARINES / NIAGARA DISTRICT A,ONTARIO,6137286,50131,,YSN,43.19,-79.17,431130000,-791018000,97.8,2012,2025,2012,2025,,,,
ST CATHARINES A,ONTARIO,6137287,4683,,YSN,43.2,-79.17,431200000,-791000000,97.8,1971,2012,1971,2012,1971,2000,1971,2000
ST CATHARINES A,ONTARIO,6137304,53000,,YSN,43.19,-79.17,431130000,-791016000,97.8,2014,2025,2014,2025,2018,2025,,
SIMCOE,ONTARIO,6137730,4692,,,42.85,-80.27,425100000,-801600000,240.5,1961,1986,1962,1986,1962,1986,1961,1986
SIMCOE (AUT),ONTARIO,6137732,7793,,WSI,42.85,-80.27,425100000,-801600000,240.5,1992,1999,1994,1999,1992,1999,,
SOUTHEAST SHOAL (AUT),ONTARIO,6137937,9032,71466,WNB,41.83,-82.47,415000000,-822800000,195.3,1994,2016,1994,2016,1994,2016,,
VINELAND STATION RCS,ONTARIO,6139148,31367,71171,XVN,43.18,-79.4,431100000,-792400000,79.2,2002,2025,2002,2025,2002,2025,2003,2006
WELLAND-PELHAM,ONTARIO,6139449,44283,71752,TWL,42.97,-79.33,425800000,-792000000,178,2005,2025,2005,2025,2005,2025,2005,2006
WINDSOR A,ONTARIO,6139525,4716,71538,YQG,42.28,-82.96,421632000,-825720000,189.6,1940,2014,1953,2014,1940,2014,1940,2014
WINDSOR A,ONTARIO,6139527,52838,,YQG,42.28,-82.96,421634000,-825719000,189.6,2014,2018,2014,2018,2014,2018,,
WINDSOR A,ONTARIO,6139530,54738,71538,YQG,42.28,-82.96,421634000,-825719000,189.6,2018,2025,2018,2025,2018,2025,,
PORT COLBORNE (AUT),ONTARIO,613F606,9005,71463,WPC,42.87,-79.25,425200000,-791500000,183.5,1992,2025,1994,2025,1992,2025,2006,2006
ERIEAU (AUT),ONTARIO,613KLLM,9006,71465,WAJ,42.25,-81.9,421500413,-815400517,178,1992,2023,1994,2023,1992,2023,,
POINT PELEE CS,ONTARIO,613P001,27533,71303,XPT,41.95,-82.52,415655009,-823108002,176.8,1999,2025,2001,2025,1999,2025,1999,2006
HARROW TST,ONTARIO,613ZZZZ,31147,,XHW,42.03,-82.9,420200000,-825400000,191,2001,2002,2001,2002,,,,
BRANTFORD AIRPORT,ONTARIO,6140942,53378,71602,TBF,43.14,-80.33,430815000,-801953000,245.5,2014,2025,2014,2025,2014,2025,,
ELORA RCS,ONTARIO,6142286,41983,71352,ZEL,43.65,-80.42,433900000,-802500000,376.4,2003,2025,2003,2025,2003,2025,2003,2006
GUELPH TURFGRASS,ONTARIO,6143089,45407,71833,TGT,43.55,-80.22,433300000,-801300000,325,2006,2022,2006,2022,2006,2022,2006,2006
GUELPH TURFGRASS INSTITUTE,ONTARIO,6143092,55299,73073,OGI,43.54,-80.22,433230741,-801319492,334.55,2021,2025,2021,2025,2021,2025,,
KITCHENER/WATERLOO,ONTARIO,6144239,48569,71368,YKF,43.46,-80.38,432739000,-802243000,321.6,2010,2025,2010,2025,2010,2025,,
LONDON A,ONTARIO,6144473,50093,71623,YXU,43.03,-81.15,430159000,-810904000,278,2012,2025,2012,2025,2012,2025,,
LONDON INT'L AIRPORT,ONTARIO,6144475,4789,71623,YXU,43.03,-81.15,430159000,-810904000,278,1940,2017,1953,2012,1940,2017,1940,2006
LONDON CS,ONTARIO,6144478,10999,71622,WSN,43.03,-81.15,430200000,-810900000,278,1994,2025,1994,2025,2002,2025,2002,2006
MOUNT FOREST,ONTARIO,6145503,4802,,,43.98,-80.75,435900000,-804500000,414.5,1891,1986,1962,1986,1891,1986,1891,1986
MOUNT FOREST (AUT),ONTARIO,6145504,7844,71631,WLS,43.98,-80.75,435900000,-804500000,414.5,1992,2025,1994,2025,1992,2025,2003,2006
WATERLOO WELLINGTON A,ONTARIO,6149387,4832,,,43.45,-80.38,432700000,-802300000,317,1966,2003,1966,2002,1970,2003,1970,2002
REGION OF WATERLOO INT'L AIRPORT,ONTARIO,6149388,32008,,,43.46,-80.38,432732000,-802239000,321.26,2002,2011,2002,2010,2002,2011,2002,2006
BELLEVILLE QUINTE,ONTARIO,6150690,55238,73042,OBQ,44.16,-77.44,440933705,-772623430,96.28,2021,2025,2021,2025,2021,2025,,
BURLINGTON PIERS (AUT),ONTARIO,6151061,7868,71437,WWB,43.3,-79.8,431800000,-794800000,77.4,1992,2025,1994,2025,1992,2025,,
COBOURG (AUT),ONTARIO,6151684,7870,71431,WNC,43.95,-78.17,435700000,-781000000,77.7,1992,2025,1993,2025,1992,2025,2003,2006
PA HALTON HILLS,ONTARIO,6153170,52498,,L4A,43.6,-80.06,433555300,-800318200,382.5,2014,2015,2014,2015,,,,
HAMILTON A,ONTARIO,6153193,49908,71263,YHM,43.17,-79.94,431025000,-795606000,237.7,2011,2025,2011,2025,2011,2025,,
HAMILTON A,ONTARIO,6153194,4932,71263,YHM,43.17,-79.93,431018072,-795603036,237.7,1959,2011,1970,2011,1959,2011,1959,2011
HAMILTON RBG CS,ONTARIO,6153301,27529,71297,XHM,43.29,-79.91,431730000,-795430000,102,1997,2025,2000,2025,1997,2025,1997,2006
KING CITY NORTH,ONTARIO,6154150,54958,73074,OKN,43.96,-79.57,435748679,-793426800,361,2019,2025,2019,2025,2019,2025,,
MOBILE UPPER AIR STATION-ONTARIO,ONTARIO,6155200,32513,71117,EWO,43.27,-79.78,431611064,-794649008,76.1,2019,2021,2019,2021,2019,2021,,
OSHAWA,ONTARIO,6155875,48649,71697,YOO,43.92,-78.88,435522000,-785300041,139.9,2010,2025,2010,2025,2010,2025,,
PA ATMOS BRAMPTON,ONTARIO,6156130,52738,,A4T,43.79,-79.77,434717760,-794614760,246,2014,2015,2014,2015,,,,
PA ATMOS CAMPBELLVILLE,ONTARIO,6156131,52740,,A7T,43.44,-80.01,432634760,-800043010,315,2014,2015,2014,2015,,,,
PA ATMOS CLAREMONT,ONTARIO,6156132,52737,,A3T,43.94,-79.08,435609800,-790505400,167,2014,2015,2014,2015,,,,
PA ATMOS ERIN,ONTARIO,6156133,52735,,A1T,43.83,-80.12,434933620,-800712840,470,2014,2015,2014,2015,,,,
PA ATMOS HAMILTON,ONTARIO,6156134,52742,,A9T,43.19,-79.83,431138800,-794946900,198,2014,2015,2014,2015,,,,
PA ATMOS MISSISSAUGA,ONTARIO,6156135,52741,,A8T,43.53,-79.65,433147100,-793848500,141,2014,2015,2014,2015,,,,
PA ATMOS NORTH YORK,ONTARIO,6156136,53258,,A6T,43.75,-79.31,434517700,-791853200,178,2014,2015,2014,2015,,,,
PA ATMOS NORVAL,ONTARIO,6156137,52739,,A5T,43.62,-79.84,433725600,-795021200,240,2014,2015,2014,2015,,,,
PA ATMOS VAUGHAN,ONTARIO,6156138,52736,,A2T,43.86,-79.54,435147700,-793228900,254,2014,2015,2014,2015,,,,
PA AJAX COMMUNITY CENTRE,ONTARIO,6156150,52703,,L3C,43.87,-79.04,435155800,-790209900,117.5,2014,2015,2014,2015,,,,
PA AJAX PAO TAU,ONTARIO,6156152,52705,,L3E,43.91,-79.06,435424300,-790327500,148.5,2014,2015,2014,2015,,,,
PA AJAX VILLAGE CHRYSLER,ONTARIO,6156153,52702,,L3B,43.84,-79.03,435029700,-790130500,114.5,2014,2015,2014,2015,,,,
PA AJAX WINTERMERE SOD,ONTARIO,6156154,52704,,L3D,43.9,-79.04,435356500,-790217200,124.5,2014,2015,2014,2015,,,,
PA AJAX WATER SUPPLY,ONTARIO,6156155,52701,,L3A,43.82,-79.01,434922000,-790025500,92.5,2014,2015,2014,2015,,,,
PA CALEDON EQUESTRIAN PARK,ONTARIO,6156156,52728,,Z1N,43.96,-79.84,435744200,-795008800,301.5,2014,2015,2014,2015,,,,
PA DUFFERIN AND ST. CLAIR CIBC,ONTARIO,6156157,53838,,L1B,43.68,-79.44,434041500,-792634600,173.5,2015,2015,2015,2015,,,,
PA CLAREMONT SILO FARM,ONTARIO,6156158,52706,,L3F,43.99,-79.1,435937900,-790543900,263.5,2014,2015,2014,2015,,,,
PA TORONTO INTERNATIONAL TRAP AND SKEET,ONTARIO,6156159,52731,,Z5N,44.19,-79.66,441108100,-793950800,234.5,2014,2015,2014,2015,,,,
PA CONCORD RYDER,ONTARIO,6156160,52699,,L1F,43.82,-79.52,434903200,-793124200,226.5,2014,2015,2014,2015,,,,
PA DOWNSVIEW PARK,ONTARIO,6156161,52698,,L1E,43.75,-79.48,434451800,-792847600,207.5,2014,2015,2014,2015,,,,
PA KING CITY,ONTARIO,6156162,53778,,L2D,43.96,-79.57,435750490,-793421790,366.5,2015,2018,2015,2018,2018,2018,,
PA HERSHEY CENTRE,ONTARIO,6156164,52732,,Z1W,43.63,-79.66,433757600,-793922800,203.5,2014,2015,2014,2015,,,,
PA MARKHAM NORTH TOYOTA,ONTARIO,6156165,52700,,L2F,43.82,-79.34,434901000,-792033810,187.5,2014,2015,2014,2015,,,,
PA BOUSFIELD FARMS,ONTARIO,6156166,52733,,Z2W,43.48,-79.89,432838800,-795330400,197.5,2014,2015,2014,2015,,,,
PA TORONTO NORTH YORK MOTORS,ONTARIO,6156168,52678,,L1D,43.72,-79.47,434307100,-792807400,186.5,2014,2015,2014,2015,,,,
PA GENERAL MOTORS CENTRE,ONTARIO,6156169,52727,,Z5E,43.9,-78.86,435350500,-785132500,125.5,2014,2015,2014,2015,,,,
PA DOWNSVIEW,ONTARIO,6156170,53760,,L2C,43.78,-79.47,434649300,-792802500,198.5,2015,2018,2015,2018,,,,
PA ROYAL CANADIAN YACHT CLUB,ONTARIO,6156171,52618,,Z2D,43.64,-79.35,433822300,-792053700,84.5,2014,2015,2014,2015,,,,
PA SCARBOROUGH TORONTO HUNT,ONTARIO,6156172,52641,,L2A,43.68,-79.27,434100000,-791614900,133.5,2014,2015,2014,2015,,,,
PA STONEY CREEK CARDINAL SCHOOL,ONTARIO,6156174,52720,,L5A,43.22,-79.75,431320600,-794442600,104.5,2014,2015,2014,2015,,,,
PA MATTAMY ATHLETIC CENTRE,ONTARIO,6156175,52723,,Z1D,43.66,-79.38,433942720,-792248540,137.5,2014,2015,2014,2015,,,,
PA TORONTO HYUNDAI,ONTARIO,6156177,52640,,L1C,43.7,-79.45,434156200,-792705700,186.5,2014,2015,2014,2015,,,,
PA U OF T SCARBOROUGH TENNIS CENTRE,ONTARIO,6156179,52724,,Z1E,43.78,-79.19,434648300,-791107400,116.5,2014,2015,2014,2015,,,,
PA MONOPOLY PROPERTY MANAGEMENT,ONTARIO,6156180,52725,,Z2E,43.86,-79.31,435127000,-791829600,176.5,2014,2015,2014,2015,,,,
PA UXBRIDGE LEE ACRES,ONTARIO,6156181,52718,,L3H,44.17,-79.21,441015700,-791237800,290.5,2015,2015,2015,2015,,,,
PA UXBRIDGE TARIS,ONTARIO,6156182,52707,,L3G,44.05,-79.12,440316000,-790655000,359.5,2014,2015,2014,2015,,,,
PA YORK UNIVERSITY,ONTARIO,6156183,53758,,L2B,43.78,-79.51,434631200,-793035900,200.5,2015,2015,2015,2015,,,,
PA WHITBY ABILITIES CENTRE,ONTARIO,6156184,52726,,Z4E,43.86,-78.94,435140600,-785638500,99.5,2014,2015,2014,2015,,,,
PA ANGUS GLEN GOLF CLUB,ONTARIO,6156186,52638,,Z3E,43.91,-79.32,435429800,-791923400,230.5,2014,2015,2014,2015,,,,
PA HAMILTON SOCCER,ONTARIO,6156187,53759,,Z3W,43.25,-79.83,431503600,-794946400,93.5,2015,2015,2015,2015,,,,
POINT PETRE (AUT),ONTARIO,6156559,7925,71430,WQP,43.83,-77.15,435000000,-770900000,78.6,1992,2025,1993,2025,1992,2025,,
MONO CENTRE,ONTARIO,6157000,51938,71098,TRY,44.03,-80.02,440156100,-800128010,436,2013,2024,2013,2024,2013,2024,,
STIRLING,ONTARIO,6158050,5043,,,44.32,-77.63,441900000,-773800000,138.7,1940,1968,1953,1968,1940,1968,1940,1968
TORONTO,ONTARIO,6158350,5051,71266,,43.67,-79.4,434000000,-792400000,112.5,1840,2017,1953,1969,1840,2017,1840,2006
TORONTO CITY,ONTARIO,6158355,31688,71508,XTO,43.67,-79.4,434000000,-792400000,112.5,2002,2025,2002,2025,2002,2025,2003,2006
TORONTO CITY CENTRE,ONTARIO,6158359,48549,71265,YTZ,43.63,-79.4,433739000,-792346000,76.8,2009,2025,2009,2025,2010,2025,,
TORONTO BUTTONVILLE A,ONTARIO,6158409,54239,,YKZ,43.86,-79.37,435139000,-792207000,198.1,2016,2023,2016,2023,2018,2023,,
TORONTO BUTTONVILLE A,ONTARIO,6158410,53678,71639,YKZ,43.86,-79.37,435139000,-792207000,198.1,2015,2019,2015,2019,2015,2019,,
TORONTO 407 AND YONGE,ONTARIO,6158440,27448,,WHD,43.83,-79.43,435000000,-792600000,195,1998,1999,1998,1999,,,,
TORONTO 407 AND MAVIS,ONTARIO,6158442,27447,,WTR,43.65,-79.73,433900000,-794400000,203.66,1998,1999,1998,1999,,,,
TORONTO DOWNSVIEW A,ONTARIO,6158443,5069,,,43.75,-79.48,434500000,-792900000,198.1,1956,1982,1956,1982,1956,1982,1957,1982
TORONTO HEADLAND (AUT),ONTARIO,6158578,7940,,,43.62,-79.35,433700000,-792100000,87,1994,1998,1994,1998,1994,1998,,
TORONTO ISLAND A,ONTARIO,6158665,5085,71265,,43.63,-79.4,433743000,-792342000,76.5,1957,2006,1957,2006,1957,2006,1957,2006
TORONTO IS A (AUT),ONTARIO,6158666,5086,,,43.63,-79.4,433800000,-792400000,76.5,1973,1994,1994,1994,1973,1973,,
TORONTO CITY CENTRE,ONTARIO,6158667,30247,71265,YTZ,43.63,-79.4,433743000,-792342000,76.81,2006,2014,2006,2010,2006,2014,2006,2006
TORONTO INTL A,ONTARIO,6158731,51459,71624,YYZ,43.68,-79.63,434036000,-793750000,173.4,2013,2025,2013,2025,2013,2025,,
TORONTO LESTER B. PEARSON INT'L A,ONTARIO,6158733,5097,71624,YYZ,43.68,-79.63,434038000,-793750000,173.4,1937,2013,1953,2013,1937,2013,1937,2013
TORONTO NEW INT'L A,ONTARIO,6158749,5105,,,43.95,-79.13,435700000,-790800000,262.7,1973,1976,1973,1976,1973,1976,1973,1976
TRENTON AWOS,ONTARIO,6158872,30723,,XTR,44.12,-77.53,440708000,-773141000,86.3,2007,2022,2007,2022,2018,2022,,
TRENTON A,ONTARIO,6158875,5126,71621,YTR,44.12,-77.53,440708000,-773141000,86.3,1935,2025,1953,2025,1935,2025,1935,2017
UXBRIDGE WEST,ONTARIO,6159123,50637,71932,TUX,44.1,-79.16,440554000,-790949020,325,2012,2025,2012,2025,2012,2025,,
TORONTO BUTTONVILLE A,ONTARIO,615HMAK,4841,71639,YKZ,43.86,-79.37,435144000,-792212000,198.1,1986,2015,1986,2015,1986,2015,1986,2015
SOUTHERN ONTARIO EMERGENCY PORTABLE WEATHER STATION,ONTARIO,615S002,29846,,WOW,43.27,-79.78,431600000,-794700000,,2007,2024,2007,2024,2018,2024,,
PA BLAIRHAMPTON GOLF CLUB,ONTARIO,6166400,52730,,Z4N,45,-78.66,445949200,-783931900,333.5,2014,2015,2014,2015,,,,
PETERBOROUGH A,ONTARIO,6166415,48952,71436,YPQ,44.23,-78.36,441348000,-782148000,191.4,2010,2025,2010,2025,2010,2025,,
PETERBOROUGH A,ONTARIO,6166418,5186,,,44.23,-78.37,441400000,-782200000,191.4,1969,2007,1969,2005,1969,2007,1969,2006
PETERBOROUGH AWOS,ONTARIO,6166420,29906,,,44.23,-78.37,441400000,-782200000,191.4,2004,2010,2004,2010,2004,2010,2004,2006
PETERBOROUGH TRENT U,ONTARIO,6166456,43763,71672,TPQ,44.35,-78.3,442100000,-781800000,216,2005,2023,2005,2023,2005,2023,2006,2006
PETERBOROUGH TRENTU FARM,ONTARIO,6166457,55365,73180,OTU,44.35,-78.28,442114000,-781642000,225,2022,2025,2022,2025,2022,2025,,
BANCROFT AUTO,ONTARIO,616I001,26799,71294,WRK,45.07,-77.88,450417000,-775244000,330.7,1995,2025,1995,2025,1995,2025,1997,2006
PETERBOROUGH,ONTARIO,616I002,26862,,,44.23,-78.37,441400000,-782200000,191,1995,1996,1995,1996,,,,