,Name,Province,Climate ID,Station ID,WMO ID,TC ID,Latitude (Decimal Degrees),Longitude (Decimal Degrees),Latitude,Longitude,Elevation (m),First Year,Last Year,HLY First Year,HLY Last Year,DLY First Year,DLY Last Year,MLY First Year,MLY Last Year
34,FORT FRANCES RCS,ONTARIO,6022474,46507,71962.0,TAG,48.65,-93.44,483904000,-932620002,342.0,2007,2025,2007,2025,2007.0,2025.0,,
38,KENORA RCS,ONTARIO,6034073,47307,71151.0,TKR,49.79,-94.38,494726000,-942240000,412.7,2008,2025,2008,2025,2008.0,2025.0,,
44,SIOUX LOOKOUT A,ONTARIO,6037776,51138,71842.0,YXL,50.11,-91.91,500651000,-915429000,383.1,2013,2025,2013,2025,2013.0,2025.0,,
49,CAMERON FALLS (AUT),ONTARIO,6041110,27674,71291.0,XCA,49.15,-88.34,490914000,-882041000,232.6,1998,2025,2000,2025,1998.0,2025.0,1998.0,2006.0
69,THUNDER BAY,ONTARIO,6048260,49389,71072.0,YQT,48.37,-89.32,482219000,-891918000,199.3,2012,2025,2012,2025,2012.0,2025.0,,
75,WELCOME ISLAND (AUT),ONTARIO,6049443,4061,71751.0,WEC,48.37,-89.12,482209000,-890710000,211.4,1967,2025,1994,2025,1967.0,2025.0,1967.0,1985.0
83,SAULT STE MARIE A,ONTARIO,6057591,50092,71260.0,YAM,46.49,-84.51,462906000,-843035000,192.0,2012,2025,2012,2025,2012.0,2025.0,,
97,SUDBURY CLIMATE,ONTARIO,6068145,49508,71733.0,TSB,46.63,-80.8,463756090,-804746080,348.0,2011,2025,2011,2025,2011.0,2025.0,,
100,EARLTON A,ONTARIO,6072223,49489,71684.0,YXR,47.7,-79.85,474142000,-795056000,243.8,2011,2025,2011,2025,2011.0,2025.0,,
107,KAPUSKASING CDA ON,ONTARIO,6073980,30435,71299.0,XKA,49.41,-82.44,492423000,-822637000,218.0,2000,2025,2000,2025,2000.0,2025.0,2002.0,2006.0
119,TIMMINS CLIMATE,ONTARIO,6078282,47547,71193.0,TMS,48.56,-81.39,483326000,-812325000,294.4,2008,2025,2008,2025,2008.0,2025.0,,
123,ALGONQUIN PARK EAST GATE,ONTARIO,6080192,42967,71581.0,TNK,45.53,-78.27,453200000,-781600000,397.0,2004,2025,2004,2025,2004.0,2025.0,2005.0,2006.0
124,NORTH BAY A,ONTARIO,6085680,52318,71731.0,YYB,46.36,-79.42,462150000,-792527000,370.3,2014,2025,2014,2025,2014.0,2025.0,,
129,GORE BAY-MANITOULIN,ONTARIO,6092919,48372,,YZE,45.88,-82.57,455254000,-823402000,189.89,2009,2025,2009,2025,2018.0,2025.0,,
136,BROCKVILLE CLIMATE,ONTARIO,6100970,47567,71161.0,TBO,44.64,-75.75,443807000,-754454000,120.4,2008,2025,2008,2025,2008.0,2025.0,,
138,GRENADIER ISLAND,ONTARIO,6103024,10903,71281.0,WGH,44.42,-75.85,442500000,-755100000,82.0,1994,2025,1994,2025,1994.0,2025.0,1997.0,2006.0
140,KEMPTVILLE CS,ONTARIO,6104027,27534,71300.0,XKE,45.0,-75.63,450000000,-753800000,99.4,1997,2025,2001,2025,1997.0,2025.0,1997.0,2006.0
142,KINGSTON CLIMATE,ONTARIO,6104142,47267,71820.0,TKG,44.22,-76.6,441324000,-763558000,93.0,2008,2025,2008,2025,2008.0,2025.0,,
144,KINGSTON A,ONTARIO,6104149,50428,,YGK,44.23,-76.6,441333000,-763548000,92.4,2012,2025,2012,2025,,,,
147,MOOSE CREEK WELLS,ONTARIO,6105397,41738,71635.0,TCK,45.25,-74.96,451504000,-745746000,84.5,2003,2025,2003,2025,2003.0,2025.0,,
148,OTTAWA CDA RCS,ONTARIO,6105978,30578,71063.0,XOA,45.38,-75.72,452300000,-754300000,79.2,2000,2025,2000,2025,2000.0,2025.0,2003.0,2006.0
154,PEMBROKE CLIMATE,ONTARIO,6106367,49068,71196.0,TPM,45.86,-77.25,455137000,-771508000,161.0,2010,2025,2010,2025,2010.0,2025.0,,
159,BEATRICE CLIMATE,ONTARIO,6110607,44183,71694.0,TBT,45.14,-79.4,450825000,-792410000,297.2,2005,2025,2005,2025,2005.0,2025.0,2005.0,2006.0
163,LAGOON CITY,ONTARIO,6114295,10911,71282.0,WGL,44.55,-79.22,443250000,-791300000,220.7,1994,2025,1994,2025,1994.0,2025.0,1997.0,2006.0
169,PARRY SOUND CCG,ONTARIO,6116257,32128,71172.0,XPC,45.34,-80.04,452039000,-800239000,176.3,2002,2025,2002,2025,2002.0,2025.0,2003.0,2006.0
170,BARRIE-ORO,ONTARIO,6117700,42183,71314.0,XBI,44.48,-79.55,442900000,-793300000,289.0,2003,2025,2003,2025,2003.0,2025.0,2003.0,2006.0
172,WIARTON A,ONTARIO,6119498,54259,,YVV,44.74,-81.11,444439000,-810631000,221.9,2016,2025,2016,2025,2018.0,2025.0,,
186,SARNIA,ONTARIO,6127510,48373,71704.0,YZR,43.0,-82.31,425958000,-821832000,181.4,2009,2025,2009,2025,2009.0,2025.0,,
189,SARNIA CLIMATE,ONTARIO,6127519,44323,71746.0,TZR,43.0,-82.3,430000000,-821800000,181.0,2005,2025,2005,2025,2006.0,2025.0,,
192,CHATHAM KENT,ONTARIO,6131414,52118,,YCK,42.31,-82.08,421821000,-820457000,196.6,2014,2025,2014,2025,2018.0,2025.0,,
194,DELHI CS,ONTARIO,6131983,27528,71573.0,XDI,42.87,-80.55,425200000,-803300000,231.7,1997,2025,1999,2025,1997.0,2025.0,1997.0,2006.0
195,HARROW CDA AUTO,ONTARIO,6133362,30266,71298.0,XHA,42.03,-82.9,420200000,-825400000,191.0,2000,2025,2000,2025,2000.0,2025.0,2000.0,2006.0
205,ST. CATHARINES / NIAGARA DISTRICT A,ONTARIO,6137286,50131,,YSN,43.19,-79.17,431130000,-791018000,97.8,2012,2025,2012,2025,,,,
212,WELLAND-PELHAM,ONTARIO,6139449,44283,71752.0,TWL,42.97,-79.33,425800000,-792000000,178.0,2005,2025,2005,2025,2005.0,2025.0,2005.0,2006.0
218,POINT PELEE CS,ONTARIO,613P001,27533,71303.0,XPT,41.95,-82.52,415655009,-823108002,176.8,1999,2025,2001,2025,1999.0,2025.0,1999.0,2006.0
220,BRANTFORD AIRPORT,ONTARIO,6140942,53378,71602.0,TBF,43.14,-80.33,430815000,-801953000,245.5,2014,2025,2014,2025,2014.0,2025.0,,
221,ELORA RCS,ONTARIO,6142286,41983,71352.0,ZEL,43.65,-80.42,433900000,-802500000,376.4,2003,2025,2003,2025,2003.0,2025.0,2003.0,2006.0
223,GUELPH TURFGRASS INSTITUTE,ONTARIO,6143092,55299,73073.0,OGI,43.54,-80.22,433230741,-801319492,334.55,2021,2025,2021,2025,2021.0,2025.0,,
224,KITCHENER/WATERLOO,ONTARIO,6144239,48569,71368.0,YKF,43.46,-80.38,432739000,-802243000,321.6,2010,2025,2010,2025,2010.0,2025.0,,
225,LONDON A,ONTARIO,6144473,50093,71623.0,YXU,43.03,-81.15,430159000,-810904000,278.0,2012,2025,2012,2025,2012.0,2025.0,,
232,BELLEVILLE QUINTE,ONTARIO,6150690,55238,73042.0,OBQ,44.16,-77.44,440933705,-772623430,96.28,2021,2025,2021,2025,2021.0,2025.0,,
233,BURLINGTON PIERS (AUT),ONTARIO,6151061,7868,71437.0,WWB,43.3,-79.8,431800000,-794800000,77.4,1992,2025,1994,2025,1992.0,2025.0,,
236,HAMILTON A,ONTARIO,6153193,49908,71263.0,YHM,43.17,-79.94,431025000,-795606000,237.7,2011,2025,2011,2025,2011.0,2025.0,,
238,HAMILTON RBG CS,ONTARIO,6153301,27529,71297.0,XHM,43.29,-79.91,431730000,-795430000,102.0,1997,2025,2000,2025,1997.0,2025.0,1997.0,2006.0
239,KING CITY NORTH,ONTARIO,6154150,54958,73074.0,OKN,43.96,-79.57,435748679,-793426800,361.0,2019,2025,2019,2025,2019.0,2025.0,,
241,OSHAWA,ONTARIO,6155875,48649,71697.0,YOO,43.92,-78.88,435522000,-785300041,139.9,2010,2025,2010,2025,2010.0,2025.0,,
287,TORONTO CITY CENTRE,ONTARIO,6158359,48549,71265.0,YTZ,43.63,-79.4,433739000,-792346000,76.8,2009,2025,2009,2025,2010.0,2025.0,,
297,TORONTO INTL A,ONTARIO,6158731,51459,71624.0,YYZ,43.68,-79.63,434036000,-793750000,173.4,2013,2025,2013,2025,2013.0,2025.0,,
302,UXBRIDGE WEST,ONTARIO,6159123,50637,71932.0,TUX,44.1,-79.16,440554000,-790949020,325.0,2012,2025,2012,2025,2012.0,2025.0,,
306,PETERBOROUGH A,ONTARIO,6166415,48952,71436.0,YPQ,44.23,-78.36,441348000,-782148000,191.4,2010,2025,2010,2025,2010.0,2025.0,,
311,BANCROFT AUTO,ONTARIO,616I001,26799,71294.0,WRK,45.07,-77.88,450417000,-775244000,330.7,1995,2025,1995,2025,1995.0,2025.0,1997.0,2006.0
